code,libelle
82643303,© [BANDEDE GAZE 20 cm
2643430,© [BETADINE PHD SC. 125M.
21326031,— |AMANE 3/2
92846006,© |BOMBE PLZ
122001,"1O0FEUILLES GUITAR 60°40 0,000 0,000)"
BAGUETTE,30.000
31326026,«= | AINSAIS5
82643006,"«= |BCTEA PLAT GM a Tn oath \ifosqoi) ih!"" aakio})\ il"""
62037004,[BANDE ETIQETTE
21010003,[BEALVALLON ROUGE 3/4 20.000 20.000|
155204,[BEURRE TRISH STOCKP
31326010,[BONAQUA1/2
103452010,[BONBON CHOCOLAT
61936152,[BONDE JAUNE
2120017,[eEVELAND CARE
97947145,[OASIS PRO 20 PREMIUM 2L
21117008,[OLD PARR 751/18 DS
00000060,[ROOSTER GIN TONIC 25a.
51936195,[SUPPORT PUBLICITAIRE A4 HORIZONTAL
62037014,—_ | BON DE TRANSFERT
62037003,_—_|BANDE DE DESINFECTION
82643013,_|BOLTE PATISSIER PMP
82643014,_|BOLTE POLYVA_ANTE PLASTIQUE
144001,"ABSAINTE I 0,000 0,000) 0.000)"
92542015,ACIDE CHLORIDRIQUE 20KG
162037001,ACOMPTE MAISON
92947121,ADISEC20L
193048069,AEROSOL CAMPERO JOV AS DIMANTE-250ML
182643047,AERSCL 243 ML
72441057,AFFICHE 61°86 cm SPA
72441062,AFFICHE ft A3+recto sur papier 350g-centre
100000200,AFFICHE IMPRESSION SUR. ADHESIF 1.000) 1.000) 0.000)
72441072,AFFICHE IMPRIME RECTO VERSO
72441073,AFRICHE IMPRIME RECTO VERSO
177001,AGNEAU
161936001,AGRAFES 24/6
61936002,AGRAFFE 10 MM
NOOD0056,AGRFREUS A PINCE PRIMUL A 24/06 2.000 2.000:
144002,AL 18.000 18.000|
111003,AMANDE POUDRE
BADY,ANA I
166104,ANCHAEX iA HUILE
166003,ANCHAIS MARINE
11112,ANCHCIX A LA PROVEN
166002,ANCHOIS BROCHETTE
166004,ANCHOIX A HUILE
166141,ANCHOIX ORIENTAL
31326027,AQUARINA 3/2
122003,"AROME BAN ANE 1L 0,000) |, ‘0.000"
122134,"AROME CAFE 11, 0,000)."
111473,AROME CAFE MEGAROME 1 0.000)
122107,AROME CARAMEL 1L
111470,"AROME CARAMEL 1L,"
111244,"AROME CARAMEL MIGAROME 1L 0,000)"
111007,AROME PLUS VARIEE
122006,AROME VANILLE
111008,AROME VANILLE ARTICLE.
144004,ARTICHAUD FOND. 4/4
144005,ARTICHAUT
144006,ASPERGE 4/4
144076,ASPERGE FRAIS
144007,AUBERGINE
133006,"AVOCAT 12,500))"
122007,AVOINE CRGUE i) 0.000) ||
133007,BANANE
133068,BANANE REGIME
155001,BARQUETTE 18 OBUF OXILLE
144008,BASILIC
133067,BASILICROUGE
2LOLL001,BEALIVALLON BLANC3/4
133113,"BEBE CAROTTE 0,000 -0.000|"
155127,BELRRE GALD
155171,BEURRE GOLDEN
155121,BEURRE INDE
155129,BEURRE JAOUDA
155113,BEURRE JAOUDA 2.5 KG
155005,BEURRE NEWZELANDE E VRAC
155170,BEURRE PASTELRISE
155007,BEURRE PORTION
155125,BEURRE PORTION 10G
155008,BEURRE SA. SMEN)
155009,BEURRE SPECIAL
155203,BEURRE TRISH LAKEKA
155115,BEURRE URUGUAY
21118057,"BG SAJVIGNON BLANC RESERVE 12,000)"""
62037009,"BLOC FACTURE ROOM SERVICE 0,000 |) 0,000 PE OOO Yi"
188058,"BLOCDE FOIE GRAS EN BOY AU AU KG 0.000 0.000] |/!/!/\0,000),."
62037101,"BLOCNOTE 5/5 FI21*27 0.000) o.oo], |! ‘000 Fila"
177003,"BOBUFENTIER oat || i) 0,000 i 0.000)"
133072,BOLTE MOUCHOIR 150U
111475,BOMBE DORE
92846004,BOMBE INSECTICIDE PM
155155,BONBON YAMI 650G/630
11136,BONBONS TROPICAL SKI
166007,BONITE
166096,BONITE FRAIS
0000058,BOOSTER VDK LEMON
1122,BORDEALK BL ANC3/4
1124,BORDEALK ROUGE 3/4
11343,CHOCOLAT NOIR AIG
11344,CHOCOLAT NOIR MACAO
111247,CHOCOLAT NUTELLA
111140,ee 0.000 |
133080,i | YAQURT BRASSE ABRIGOT
31013001,IBEALDOLATS VILLAGE 3/4 0.000 0.000]
00000100,"ij, wold label Sel 0.000]"
21010006,JBONASEIA ROUGE 3/4
000000120,"jj, wblack label Sel 0.000) |"
122106,ME OF a
122163,NAPPAGE SOFADEX
155196,NAQURT L ADID PRAISE
21119003,NEGRITA ROUGE 70G/18D5 0.000 i 0.000 TT) 0.000) . !
111230,NESCAFE ALEGRIA
111513,NESCAFE BC.
155055,OBUF 4064.000]
155056,OBUF DE CAILLE
155057,OBUF DE LUMP ROUGE
155100,OBUF MATINALE CAILLE
155059,OBUF WADIF CALLE
155087,OBUFS BEDI
155080,OBUPS DE LAMPE ROUGE
166162,OBUPS DE LOMPE 50G
155058,OEUF DE TRUITE POT 50G
155079,OEUPS DE LAMPE NCIR
166163,OEUPS DE LOMPE
144100,OIGNON HARIF 0.000 0.000)
144053,OIGNON |
133104,OLIVE DECOUPEE
133031,OLIVE DENOYAUTE
133032,OLIVE NOIR
133033,OLIVE NOIR 4/4
133034,OLIVE PIQUANTE
133035,OLIVE ROUGE CONAIT
133036,OLIVE VERT
16047,OMBRINE ENTIER
166094,OMBRINE ENTIER FRAIS
1660560,sanee 0.000) 0.000)
SUCRE,SPECIAL ISOMAT 0.000)
93048142,"SUPPORT BOUGIE 4.000 4,000|"
1936194,SUPPORT PUBLICITAIRE Ad
SUCRE,SWETLON
SUCRE,VANILLE 900.000}
155197,YAOURT TENDRE NATURE l
155143,YAQUT JAQUDA NATURE | |)
155075,YAWMI NON SUCRE | 1)
155146,YAWMY VELOUTE
111225,| _ |VINAIGRE DESSAUXK
164973216,| ACHATS PRODUITS PHARMACEUT IQUE 7%
619361223,"| AGRAFEUSE A PINCE EXPRESS XO-755 0.000 0,000)"
619361227,| AGRAFFEUSE A PINCE 24/6 KANGARO HP435
21118056,| AIT MIMOUN BLANC
21118055,| AIT MIMOUN ROSE
21118054,| AIT MIMOUN ROUGE
111474,| AROME PISTACHE MEGAROME 1L
123657412,| ARRACHE AGRAFFES BOSTON
92250006,| ASEPCLOR
92846062,| AURA PERSIST
10000082,| AUTOLAVEUSE M55 GRIS ET JAUNE
82644141,"| AVOIR SUR TVA7% 0.000)"""
21010048,| AZAVI ROUGE 3/4
21119006,| BACARDI CARTA CRO
92947097,| BALATS RUGUELX SAHEL MOYEN
2120023,| BEVELAND GREEN MELON
2120021,| BEVELAND MALT CREAM
2120020,| BEVELAND PEACH 70a.
22643428,‘| BIAFINE EMULSION PM
21224005,| BIERE CAGA BLANCA250.
21224004,| BIERE CAGABLANCA
21224006,| BIERE CAGABLNACA
21224001,| BIERE CASABLANCA
19000074,| BIERE CASABLANCA
21226025,| BIERE CORONA
21225010,| BIERE CORONA
10000076,| BIERE CORRE] CAVETTE
127124,| BIGAR ROUGE MaCO
122125,| BIGAR VERT MACAO
21118041,| BOMBAY CRIGINA.
21118035,| BOMBAY SAPPHIRE 75a.
92846003,| BOMBE INSECTICDE
62037015,| BON ENTREE BOUTIQUE
31326038,| BONAQUAO.45L
21010053,| BONASTA BLANC 3/4
IRMBO29,| SUPPORT MQUILLEUR VITRE FIX E 350M
21118019,| VODKA ABSOL.NATURE
133081,| YAQURT BRASSE ANANAS
507007,| |SUMAINOX 07 BIL 750M.
155074,| |YAOURT BRASSE CREMY
31327041,|7 UP AL ;
144064009,|ALCOG. ABRULER 3/4 25.000 100.00
31326033,|AMANE
21326024,|AMANE 5L*2
21115001,|AMARETTO DE KUYPER
21115002,|AMARETTO DISARONNO
175276002,|ANTIROUILLE
3250001,|AQUAFRESH
31326025,|AQUARINA330.
1113205,|AQuaU
21115003,|ARMAGNAC 700. 23D05 0.000)
111006,|AROME PIST ACHE